auroc,auroc_rep_lo,auroc_rep_hi,auprc,auprc_rep_lo,auprc_rep_hi,brier,brier_rep_lo,brier_rep_hi,sens,sens_rep_lo,sens_rep_hi,spec,spec_rep_lo,spec_rep_hi,ppv,ppv_rep_lo,ppv_rep_hi,npv,npv_rep_lo,npv_rep_hi,f1,f1_rep_lo,f1_rep_hi,bal_acc,bal_acc_rep_lo,bal_acc_rep_hi,auroc_boot_lo,auroc_boot_hi,auprc_boot_lo,auprc_boot_hi,sens_boot_lo,sens_boot_hi,spec_boot_lo,spec_boot_hi,bal_acc_boot_lo,bal_acc_boot_hi,auroc_meanprob,model,modality,repeats,seconds
0.7065217391304347,0.7065217391304348,0.7065217391304348,0.3539016174253788,0.3539016174253788,0.3539016174253788,0.2332333707175597,0.2332333707175597,0.2332333707175597,0.6666666666666669,0.6666666666666666,0.6666666666666666,0.6304347826086956,0.6304347826086957,0.6304347826086957,0.1904761904761905,0.1904761904761904,0.1904761904761904,0.9354838709677415,0.935483870967742,0.935483870967742,0.2962962962962961,0.2962962962962963,0.2962962962962963,0.6485507246376809,0.6485507246376812,0.6485507246376812,0.4745471014492753,0.9130434782608696,0.1480376105376105,0.6984126984126984,0.3333333333333333,1.0,0.5,0.7608695652173914,0.4384057971014492,0.8369565217391304,0.7065217391304348,JVP | rule v/c>1 (no training),JVP,30,2.768975734710694
0.6762077294685991,0.6238224637681159,0.7157608695652175,0.2915569016924771,0.219810169701474,0.3650058575325047,0.2445343975189046,0.240549748408865,0.2510083443140686,0.6833333333333336,0.575,0.8333333333333334,0.6065217391304348,0.3494565217391304,0.7608695652173914,0.1909781634939278,0.1279233870967742,0.2439215686274509,0.9358682564280264,0.9027472527472528,0.9642857142857144,0.2960412485974968,0.214651493598862,0.3569358178053829,0.644927536231884,0.5388586956521739,0.7111413043478262,0.4420289855072463,0.9130434782608696,0.1435467317254002,0.6667478354978351,0.3333333333333333,1.0,0.4347826086956521,0.7391304347826086,0.4166666666666666,0.8152173913043479,0.6956521739130435,JVP | LR log(v/c) only,JVP,30,6.433959007263184
0.6557971014492753,0.5773550724637682,0.7401268115942029,0.355846586224525,0.2064406860075625,0.5399867990125342,0.2499113461495531,0.1585089012810959,0.3482252134106716,0.5333333333333333,0.4541666666666666,0.6666666666666666,0.6949275362318841,0.4880434782608696,0.8657608695652173,0.2015445923821446,0.1275652173913043,0.3595238095238093,0.9185588048063248,0.8944444444444445,0.9490705128205128,0.2861295012510524,0.2032258064516129,0.4491452991452991,0.6141304347826086,0.5266304347826086,0.7384963768115942,0.2753623188405797,0.934782608695652,0.1387858871050948,0.867816091954023,0.1666666666666666,0.8333333333333334,0.6086956521739131,0.8695652173913043,0.4094202898550724,0.8297101449275363,0.6159420289855072,JVP | LR physiology features,JVP,30,7.274755954742432
0.6006038647342995,0.5095108695652174,0.6956521739130435,0.2745262465427912,0.1517917149920749,0.4354444348458817,0.2222649648656185,0.1367572146373904,0.3054341743198245,0.4277777777777777,0.1208333333333333,0.7124999999999997,0.6920289855072462,0.3576086956521739,0.9782608695652174,0.1673881992093281,0.0557692307692307,0.3791666666666664,0.9037506569760372,0.8741185897435898,0.940584935897436,0.2217858611936758,0.0763157894736842,0.3716718266253869,0.5599033816425121,0.4607789855072464,0.6829710144927535,0.2825181159420289,0.8950181159420286,0.120846643005028,0.7493668831168832,0.1666666666666666,0.8333333333333334,0.803804347826087,0.9782608695652174,0.4782608695652174,0.9057971014492754,0.6014492753623188,JVP | SVM physiology features,JVP,30,8.164307832717896
0.633695652173913,0.5633152173913043,0.7065217391304348,0.3223095996346371,0.1922223543698629,0.4934661273916935,0.2062474177733527,0.1471529425952229,0.2746021930266379,0.5166666666666666,0.2416666666666666,0.6666666666666666,0.7152173913043478,0.575,0.8934782608695652,0.2021306346545275,0.1366132723112128,0.3196969696969697,0.9190094525039016,0.8942773294203962,0.9483928571428571,0.2820510292345551,0.1874608150470219,0.4238562091503268,0.6159420289855072,0.5342391304347825,0.7341485507246377,0.2970108695652173,0.9492753623188406,0.1448468445983335,0.8525641025641026,0.1666666666666666,0.8333333333333334,0.6951086956521739,0.9130434782608696,0.4346920289855072,0.8623188405797102,0.6413043478260868,JVP | RF physiology features,JVP,10,133.00614976882937
0.6632246376811594,0.5696557971014492,0.739266304347826,0.3455887562501095,0.2135535864880377,0.4413798732943469,0.2606443524828233,0.1396764213951091,0.4391135561407909,0.6000000000000001,0.3708333333333333,0.8333333333333334,0.7021739130434783,0.4206521739130435,0.8766304347826087,0.2282995144951666,0.1448051948051948,0.3519886363636364,0.9324546217336096,0.9011133603238868,0.9614337568058076,0.3196158968962428,0.21125,0.4178571428571428,0.6510869565217392,0.5492753623188406,0.7193840579710146,0.3767210144927536,0.9710144927536232,0.1718759600614439,0.8529509803921569,0.3333333333333333,1.0,0.6304347826086957,0.8695652173913043,0.5034420289855073,0.9021739130434784,0.7101449275362319,JVP | GBM physiology features,JVP,10,21.521711826324463
0.823671497584541,0.6501811594202899,0.9443840579710144,0.5144358320160052,0.2148420420953316,0.729729711328976,0.1643467157361045,0.1002611355677605,0.2587349809929796,0.7555555555555556,0.5,1.0,0.8079710144927537,0.6739130434782609,0.9190217391304348,0.3600950047544475,0.1984649122807017,0.5196428571428571,0.9625128892112402,0.9226865136298422,1.0,0.4788609870409574,0.30075,0.6412280701754385,0.7817632850241546,0.6421195652173913,0.9269021739130434,0.7210144927536232,0.9855072463768116,0.2816964285714285,0.9333333333333332,0.3333333333333333,1.0,0.7608695652173914,0.9565217391304348,0.568659420289855,0.9456521739130436,0.8695652173913043,JVP | L1-LR physiology features (embedded selection),JVP,30,6.626223087310791
0.7725845410628018,0.6521739130434783,0.862409420289855,0.4824298661258713,0.31876606102211,0.6634434969564278,0.2024167517637002,0.1575045698566279,0.2448411374417116,0.6166666666666666,0.5,0.8333333333333334,0.8094202898550725,0.6619565217391304,0.9407608695652174,0.3226383990393278,0.1866246498599439,0.5274999999999999,0.9422506848600026,0.9191917293233084,0.9724286786786788,0.4105364166916641,0.2865539452495974,0.5125,0.7130434782608696,0.6214673913043478,0.800090579710145,0.4456521739130434,0.9746376811594204,0.2811023391812865,0.9102564102564102,0.1666666666666666,0.8333333333333334,0.717391304347826,0.9347826086956522,0.4528985507246376,0.8731884057971014,0.7572463768115942,JVP | LR Fourier descriptors (shift-invariant),JVP,30,7.462951898574829
0.7851449275362319,0.7042572463768115,0.832518115942029,0.4111272332624253,0.3324119132501485,0.50921914160401,0.0972366982034581,0.0898245913738477,0.1053985099786598,0.2833333333333333,0.1666666666666666,0.4625000000000001,0.9782608695652174,0.9565217391304348,1.0,0.6599999999999999,0.5,1.0,0.9129899704562676,0.9,0.9325319148936172,0.3814502164502164,0.25,0.5352272727272727,0.6307971014492754,0.572463768115942,0.7144021739130435,0.6485507246376812,0.9746376811594204,0.2422210362639679,0.8888888888888888,0.0,0.5,0.9347826086956522,1.0,0.4673913043478261,0.75,0.8297101449275363,JVP | ROCKET (random conv kernels),JVP,10,4.418383836746216
0.8394927536231883,0.773913043478261,0.8687500000000001,0.4964362603322254,0.301682006326558,0.5967911255411256,0.1268540883895638,0.1118648274090397,0.1544962916940728,0.5,0.3333333333333333,0.6666666666666666,0.9065217391304348,0.8695652173913043,0.9684782608695652,0.4329365079365079,0.25,0.6937500000000001,0.9329123004565372,0.9090909090909092,0.9534883720930232,0.4561172161172161,0.2857142857142857,0.585,0.7032608695652174,0.6014492753623188,0.7789855072463767,0.7282608695652173,0.9818840579710144,0.2998822463768116,0.9104166666666657,0.1666666666666666,0.8333333333333334,0.8478260869565217,1.0,0.5289855072463768,0.9057971014492754,0.8695652173913044,JVP | 1D-CNN waveform,JVP,10,308.8812427520752
0.8083333333333333,0.731159420289855,0.8618659420289856,0.5043542841157953,0.41062617866646,0.5915428716342996,0.1236056037573594,0.1052812996173041,0.1510321910044471,0.55,0.3708333333333333,0.6666666666666666,0.8978260869565219,0.8358695652173913,0.9516304347826088,0.4270743145743146,0.2551136363636364,0.6291666666666667,0.9385187879684664,0.9130820399113082,0.9560770750988142,0.4771622495151907,0.3008403361344537,0.6452380952380953,0.7239130434782609,0.6153079710144927,0.8067028985507246,0.6123188405797101,0.981974637681159,0.2749826388888888,0.9166666666666664,0.1666666666666666,0.8333333333333334,0.8260869565217391,0.9782608695652174,0.4963768115942029,0.9057971014492754,0.8297101449275363,"JVP | Physio-hybrid CNN (waveform + v/c, a-c slope)",JVP,10,316.7418329715729
0.869927536231884,0.7491847826086956,0.9259057971014492,0.4665830640865405,0.3165819281452104,0.6578976034858387,0.1779946341421471,0.1371175494531462,0.2367417672370517,0.7777777777777776,0.5,1.0,0.7833333333333334,0.6461956521739131,0.8972826086956521,0.3272808004116054,0.24375,0.4670454545454545,0.9653680411058684,0.9263262195121952,1.0,0.4555604836377484,0.3475490196078431,0.5760504201680672,0.7805555555555556,0.660054347826087,0.8834239130434782,0.7971014492753623,0.9927536231884058,0.3220826144467449,0.9523809523809524,0.5,1.0,0.7391304347826086,0.9565217391304348,0.6738224637681159,0.9565217391304348,0.9057971014492754,ECG | LR V1/V2 features,ECG,30,7.550235033035278
0.7829710144927537,0.6537137681159421,0.887409420289855,0.4788981221918834,0.2711157106899861,0.6949544733352276,0.1820458565513809,0.1269328437715928,0.2599389028612884,0.5833333333333334,0.1208333333333333,0.8791666666666664,0.7782608695652176,0.503804347826087,0.9782608695652174,0.2811941598706305,0.1115384615384615,0.5687499999999996,0.9368116002401948,0.8945000000000001,0.9792857142857142,0.3556271752183046,0.18125,0.487222222222222,0.6807971014492756,0.5465579710144928,0.791213768115942,0.6666666666666666,0.9963768115942028,0.2723960404527943,0.976190476190476,0.3333333333333333,1.0,0.8260869565217391,0.9782608695652174,0.5905797101449275,0.9673913043478262,0.8514492753623188,ECG | SVM V1/V2 features,ECG,30,8.338517904281616
0.8583333333333332,0.7892210144927536,0.892481884057971,0.6031349599079674,0.4363067182001005,0.7464336776377218,0.1547093073293957,0.1351846007237651,0.1817990541603227,0.7666666666666667,0.5375,0.8333333333333334,0.7717391304347826,0.6956521739130435,0.8429347826086957,0.3100005687466988,0.2314327485380116,0.4094551282051282,0.9623233192792584,0.9300573888091822,0.9748557692307692,0.4390092024605418,0.3377450980392156,0.5489766081871346,0.7692028985507247,0.6671195652173914,0.8381340579710145,0.6956521739130436,1.0,0.4328012992831541,1.0,0.5,1.0,0.6951086956521739,0.9130434782608696,0.6304347826086957,0.9456521739130436,0.8876811594202899,ECG | RF V1/V2 features,ECG,10,259.0416829586029
0.7563405797101448,0.7180253623188405,0.8203804347826087,0.4075999110250844,0.2593208813245578,0.5748158954408954,0.2312356319906365,0.1486384228972818,0.4171639943944009,0.6,0.3708333333333333,0.8333333333333334,0.7282608695652175,0.4494565217391304,0.8864130434782609,0.2469533468323791,0.1651785714285714,0.365625,0.9354804565796024,0.909156976744186,0.9569940476190476,0.3363216539687128,0.2674774774774774,0.4221428571428571,0.6641304347826088,0.5946557971014492,0.711322463768116,0.5144927536231885,0.9891304347826086,0.2270516661903571,0.9206349206349208,0.3333333333333333,1.0,0.7391304347826086,0.9347826086956522,0.5579710144927537,0.9350543478260854,0.7681159420289856,ECG | GBM V1/V2 features,ECG,10,20.249701261520386
0.6057971014492753,0.5355072463768116,0.651358695652174,0.2561873171523188,0.17723838301832,0.3361250436654848,0.2129601634805526,0.1938515769647827,0.239969538758026,0.55,0.3708333333333333,0.6666666666666666,0.7260869565217392,0.6353260869565217,0.7777173913043479,0.2104446778711484,0.1444642857142857,0.2814285714285714,0.9250804799160062,0.897327302631579,0.9470483641536273,0.3033963138310964,0.2069230769230769,0.3957142857142857,0.6380434782608695,0.5427536231884058,0.7221920289855073,0.2463768115942028,0.913134057971014,0.1210942654653834,0.7099751984126971,0.1666666666666666,0.8333333333333334,0.5869565217391305,0.8478260869565217,0.3985507246376811,0.8297101449275363,0.5833333333333333,ECG | 1D-CNN V1/V2 beat,ECG,10,168.7480230331421
