condition,model,auroc,lo,hi
clean,rule,0.7065217391304348,0.7065217391304348,0.7065217391304348
clean,LR,0.7692028985507247,0.6634963768115941,0.9197463768115943
clean,CNN,0.8355072463768117,0.7453804347826087,0.8928442028985507
SNR 30 dB,rule,0.7097826086956522,0.6920289855072463,0.7302536231884058
SNR 30 dB,LR,0.7670289855072465,0.6630434782608695,0.9116847826086958
SNR 30 dB,CNN,0.8391304347826086,0.7501811594202898,0.8956521739130435
SNR 20 dB,rule,0.6945652173913044,0.6152173913043478,0.7673007246376812
SNR 20 dB,LR,0.7652173913043478,0.658695652173913,0.8895833333333334
SNR 20 dB,CNN,0.8333333333333333,0.7316123188405798,0.8948369565217392
SNR 15 dB,rule,0.6985507246376812,0.6003623188405797,0.8077898550724639
SNR 15 dB,LR,0.7510869565217391,0.6297101449275362,0.8622282608695652
SNR 15 dB,CNN,0.8362318840579711,0.7485507246376812,0.8888586956521739
SNR 10 dB,rule,0.6996376811594203,0.6002717391304347,0.841304347826087
SNR 10 dB,LR,0.7394927536231883,0.6417572463768115,0.8228260869565217
SNR 10 dB,CNN,0.8163043478260871,0.7488224637681159,0.882427536231884
SNR 5 dB,rule,0.6920289855072463,0.5691123188405797,0.7511775362318841
SNR 5 dB,LR,0.6905797101449276,0.541394927536232,0.7990036231884058
SNR 5 dB,CNN,0.7496376811594203,0.6108695652173913,0.8649456521739131
SNR 0 dB,rule,0.6155797101449276,0.47309782608695655,0.7736413043478261
SNR 0 dB,LR,0.5456521739130434,0.3311594202898551,0.698731884057971
SNR 0 dB,CNN,0.6565217391304348,0.5287137681159421,0.7808876811594203
1/2 samples,rule,0.5905797101449276,0.5905797101449276,0.5905797101449276
1/2 samples,LR,0.7278985507246377,0.6534420289855073,0.8079710144927537
1/2 samples,CNN,0.8413043478260869,0.7576992753623188,0.9190217391304348
1/3 samples,rule,0.713768115942029,0.7137681159420289,0.7137681159420289
1/3 samples,LR,0.6253623188405799,0.5551630434782608,0.6847826086956522
1/3 samples,CNN,0.7931159420289855,0.7046195652173913,0.8433876811594203
