features,model,strategy,auroc,auprc,brier,citl,sens@0.5,spec@0.5,bal_acc@0.5,mcc@0.5,sens@youden,spec@youden,bal_acc@youden,mcc@youden
JVP features,LR,none,0.7146739130434784,0.36666496016291183,0.10221150823113781,0.00851759036860367,0.15833333333333335,0.9663043478260871,0.5623188405797102,0.1696384998028993,0.575,0.6586956521739131,0.6168478260869567,0.17287093897235223
JVP features,LR,class weight,0.7105072463768115,0.3876284568002537,0.1547746489407547,0.1846866521352328,0.45,0.8793478260869566,0.6646739130434782,0.2945249988105745,0.5333333333333333,0.6826086956521739,0.6079710144927536,0.15386937582397334
JVP features,LR,SMOTE,0.6483695652173913,0.37046876868662626,0.16718728213605022,0.26091972550344666,0.5083333333333333,0.8684782608695653,0.6884057971014494,0.32545446092589764,0.5499999999999999,0.6641304347826088,0.6070652173913043,0.15795715607546718
JVP features,LR,undersampling ensemble,0.6255434782608696,0.3828415962253849,0.23973893230494023,0.3747533200086294,0.5999999999999999,0.6793478260869565,0.6396739130434781,0.1866677206777743,0.5083333333333332,0.6847826086956522,0.5965579710144927,0.15152595806130342
JVP features,RF,none,0.7094202898550724,0.37575408646814074,0.0927491923479995,0.005908004427490479,0.0,1.0,0.5,0.0,0.6,0.7608695652173914,0.6804347826086956,0.2615634460369415
JVP features,RF,class weight,0.7086956521739131,0.3800716780175953,0.11809703079845087,0.1463897458804378,0.3,0.9391304347826088,0.6195652173913044,0.2587088323460977,0.5666666666666667,0.6956521739130435,0.631159420289855,0.18064209205923093
JVP features,RF,SMOTE,0.682608695652174,0.37339681950585646,0.11892578554373982,0.13717267496091137,0.33333333333333337,0.9521739130434783,0.6427536231884058,0.33672846607689155,0.5999999999999999,0.6652173913043478,0.6326086956521738,0.18062715311256639
JVP features,RF,undersampling ensemble,0.6797101449275362,0.34814990601282403,0.21646660334642095,0.3447073397435897,0.5666666666666667,0.717391304347826,0.6420289855072464,0.20067033756357838,0.6666666666666666,0.7130434782608696,0.6898550724637682,0.27014818737231966
ECG features,LR,none,0.872463768115942,0.4529178542379474,0.09573893678010911,0.008072852948117954,0.1,0.9771739130434783,0.5385869565217392,0.10326426581426555,0.6833333333333333,0.7619565217391304,0.7226449275362319,0.33472860060269477
ECG features,LR,class weight,0.8867753623188406,0.4871030513983805,0.16004853653579493,0.25599967171001164,0.7583333333333334,0.8641304347826086,0.8112318840579709,0.4975486074886778,0.7583333333333333,0.7913043478260869,0.7748188405797103,0.40039465956389925
ECG features,LR,SMOTE,0.9001811594202899,0.47565298865221467,0.15296828639396592,0.2680496833011619,0.8,0.85,0.825,0.5008984213690166,0.7916666666666667,0.8054347826086957,0.7985507246376811,0.43801728987640304
ECG features,LR,undersampling ensemble,0.8971014492753625,0.4633495258080173,0.21752906346363615,0.3537819442499421,0.9583333333333334,0.7706521739130435,0.8644927536231883,0.5033864111999052,0.8,0.817391304347826,0.808695652173913,0.4566636216217724
ECG features,RF,none,0.8702898550724637,0.5817184415649328,0.07792397247966823,0.011566272230937338,0.13333333333333333,0.9956521739130434,0.5644927536231885,0.2807863404494276,0.7666666666666667,0.7608695652173912,0.7637681159420289,0.37684807494949574
ECG features,RF,class weight,0.8898550724637682,0.6716640984288043,0.08909167363954025,0.12655932018911573,0.5999999999999999,0.9391304347826086,0.7695652173913043,0.5313231411260382,0.6333333333333333,0.7826086956521738,0.7079710144927537,0.3060358679347586
ECG features,RF,SMOTE,0.8601449275362318,0.6303960070618285,0.08591278444400878,0.09428062642202731,0.5666666666666667,0.9391304347826086,0.7528985507246377,0.5065698001051888,0.6666666666666666,0.7043478260869567,0.6855072463768115,0.2568663129942693
ECG features,RF,undersampling ensemble,0.8913043478260869,0.6661847452064844,0.18151496197576122,0.3243211698717949,0.8,0.7478260869565216,0.7739130434782608,0.3771835665521185,0.8,0.7608695652173914,0.7804347826086956,0.3937264583973257
JVP waveform,1D-CNN,none,0.8061594202898551,0.45108312921167815,0.08774596633118265,-0.0004739394793525781,0.0,1.0,0.5,0.0,,,,
JVP waveform,1D-CNN,weighted,0.8291062801932366,0.4953383258970597,0.13001559690683961,0.2029797167618735,0.49999999999999994,0.9057971014492753,0.7028985507246377,0.3859243389534128,,,,
JVP waveform,1D-CNN,focal,0.822463768115942,0.49370159727985136,0.16101821515384598,0.27020361475073373,0.49999999999999994,0.8876811594202897,0.6938405797101449,0.34888594970973513,,,,
JVP waveform,1D-CNN,oversample,0.8236714975845412,0.48106619663637207,0.10926200377248389,0.14239405590193108,0.4166666666666667,0.9420289855072462,0.6793478260869565,0.4177696202819175,,,,
