model,prevalence,sens,spec,ppv,npv
JVP rule v/c>1,0.02,0.6666666666666669,0.6304347826086956,0.0355075260517174,0.9893246692968204
JVP rule v/c>1,0.05,0.6666666666666669,0.6304347826086956,0.0867106503298774,0.9729252501471456
JVP rule v/c>1,0.115,0.6666666666666669,0.6304347826086956,0.1898950013461366,0.9357112474934678
JVP rule v/c>1,0.2,0.6666666666666669,0.6304347826086956,0.3108108108108108,0.883248730964467
JVP LR,0.02,0.5333333333333333,0.6949275362318841,0.034448864966066,0.9864805290227774
JVP LR,0.05,0.5333333333333333,0.6949275362318841,0.0842587292501431,0.9658627087198516
JVP LR,0.115,0.5333333333333333,0.6949275362318841,0.1851167368363497,0.9197420823060876
JVP LR,0.2,0.5333333333333333,0.6949275362318841,0.3041322314049587,0.85625
JVP 1D-CNN,0.02,0.5,0.9065217391304348,0.0984167736414206,0.9888689928858344
JVP 1D-CNN,0.05,0.5,0.9065217391304348,0.2196752626552053,0.9717895253281
JVP 1D-CNN,0.115,0.5,0.9065217391304348,0.4100457328889232,0.9331217840933512
JVP 1D-CNN,0.2,0.5,0.9065217391304348,0.572139303482587,0.8788198103266597
JVP L1-LR,0.02,0.7555555555555556,0.8079710144927537,0.0743293016182306,0.9938635798613848
JVP L1-LR,0.05,0.7555555555555556,0.8079710144927537,0.1715570668567981,0.9843263586661916
JVP L1-LR,0.115,0.7555555555555556,0.8079710144927537,0.3383068668619716,0.9621738190694266
JVP L1-LR,0.2,0.7555555555555556,0.8079710144927537,0.4958782498414712,0.9296831573096164
ECG LR,0.02,0.7777777777777776,0.7833333333333334,0.068259385665529,0.9942437760828896
ECG LR,0.05,0.7777777777777776,0.7833333333333334,0.1589103291713962,0.9852887090842222
ECG LR,0.115,0.7777777777777776,0.7833333333333334,0.3180875234614245,0.9644471924875372
ECG LR,0.2,0.7777777777777776,0.7833333333333334,0.472972972972973,0.933774834437086
