analysis,model,n,n_pos,auroc,auroc_boot_lo,auroc_boot_hi,auprc,sens,spec,bal_acc
primary (all 52),JVP rule v/c>1,52,6,0.7065217391304349,0.4745471014492753,0.9057971014492754,0.3539016174253788,0.6666666666666665,0.6304347826086956,0.6485507246376813
primary (all 52),JVP LR physiology,52,6,0.6626811594202898,0.3296195652173913,0.9384057971014492,0.3489220544921265,0.5333333333333333,0.6826086956521739,0.6079710144927536
primary (all 52),JVP ROCKET,52,6,0.7777173913043478,0.6557065217391304,0.9782608695652174,0.4039420088271733,0.2333333333333333,0.975,0.6041666666666665
primary (all 52),JVP 1D-CNN,52,6,0.8291062801932366,0.7028985507246377,0.9855072463768116,0.4953383258970597,0.4999999999999999,0.9057971014492752,0.7028985507246377
primary (all 52),JVP L1-LR,52,6,0.830072463768116,0.7246376811594203,0.9927536231884058,0.5086338399933241,0.7916666666666667,0.7956521739130435,0.793659420289855
primary (all 52),ECG LR V1/V2,52,6,0.8735507246376812,0.7933876811594203,0.9927536231884058,0.4793966875624159,0.7583333333333333,0.7913043478260869,0.7748188405797103
QC-flagged workbooks excluded,JVP rule v/c>1,47,6,0.6829268292682928,0.4227642276422764,0.878150406504065,0.3556458034718904,0.6666666666666665,0.5853658536585367,0.6260162601626014
QC-flagged workbooks excluded,JVP LR physiology,47,6,0.6615853658536586,0.3617886178861788,0.943089430894309,0.3146735886929673,0.575,0.6585365853658537,0.616768292682927
QC-flagged workbooks excluded,JVP ROCKET,47,6,0.756910569105691,0.5690040650406504,0.9593495934959348,0.3960952878660667,0.1833333333333333,0.9670731707317072,0.5752032520325204
QC-flagged workbooks excluded,JVP 1D-CNN,47,6,0.8075880758807589,0.5975609756097561,0.975609756097561,0.5590136904907322,0.4444444444444444,0.951219512195122,0.6978319783197832
QC-flagged workbooks excluded,JVP L1-LR,47,6,0.7880081300813008,0.711280487804878,0.975609756097561,0.4734486785384515,0.6583333333333333,0.8231707317073171,0.7407520325203252
QC-flagged workbooks excluded,ECG LR V1/V2,47,6,0.85630081300813,0.7398373983739838,0.9715447154471544,0.4984320197695147,0.7916666666666667,0.7975609756097561,0.7946138211382113
raw current instead of force,JVP rule v/c>1,52,6,0.6884057971014492,0.4635869565217391,0.8768115942028986,0.2563130948368562,0.6666666666666665,0.6304347826086956,0.6485507246376813
raw current instead of force,JVP LR physiology,52,6,0.6809782608695651,0.4020833333333332,0.9456521739130436,0.3751541496236107,0.5416666666666666,0.675,0.6083333333333334
raw current instead of force,JVP ROCKET,52,6,0.7985507246376811,0.6920289855072465,0.9783514492753622,0.4137456125120741,0.2416666666666666,0.9739130434782608,0.6077898550724636
raw current instead of force,JVP 1D-CNN,52,6,0.8152173913043478,0.6883152173913043,0.9855072463768116,0.4747974636888732,0.4999999999999999,0.8949275362318839,0.697463768115942
raw current instead of force,JVP L1-LR,52,6,0.8257246376811596,0.7028985507246377,0.9927536231884058,0.5470053217028956,0.7666666666666668,0.8021739130434783,0.7844202898550725
raw current instead of force,ECG LR V1/V2,52,6,0.8735507246376812,0.7933876811594203,0.9927536231884058,0.4793966875624159,0.7583333333333333,0.7913043478260869,0.7748188405797103
single cycle per subject,JVP rule v/c>1,52,6,0.6340579710144926,0.4238224637681159,0.8550724637681159,0.3206764187156343,0.5,0.6521739130434783,0.576086956521739
single cycle per subject,JVP LR physiology,52,6,0.6063405797101449,0.4130434782608695,0.8260869565217391,0.237525404358253,0.55,0.5423913043478261,0.546195652173913
single cycle per subject,JVP ROCKET,52,6,0.6315217391304347,0.4347826086956521,0.8659420289855072,0.1919796744630833,0.0166666666666666,0.9228260869565216,0.4697463768115943
single cycle per subject,JVP 1D-CNN,52,6,0.6678743961352657,0.391304347826087,0.9057971014492754,0.2418299057993328,0.4166666666666666,0.746376811594203,0.5815217391304348
single cycle per subject,JVP L1-LR,52,6,0.5602355072463767,0.3260869565217391,0.8260869565217391,0.1859667033112186,0.4416666666666667,0.6239130434782609,0.5327898550724639
single cycle per subject,ECG LR V1/V2,52,6,0.8735507246376812,0.7933876811594203,0.9927536231884058,0.4793966875624159,0.7583333333333333,0.7913043478260869,0.7748188405797103
